{
  "dataset_rows": 1470,
  "target_positive_rate": 0.16122448979591836,
  "logreg": {
    "precision": 0.4915254237288136,
    "recall": 0.6170212765957447,
    "f1": 0.5471698113207547,
    "roc_auc": 0.8115255405289,
    "brier": 0.09918620635385411,
    "cm": [
      [
        217,
        30
      ],
      [
        18,
        29
      ]
    ],
    "threshold": 0.2330648725042625
  },
  "random_forest": {
    "precision": 0.46153846153846156,
    "recall": 0.1276595744680851,
    "f1": 0.2,
    "roc_auc": 0.8080368679472824,
    "brier": 0.10847161753590327,
    "cm": [
      [
        240,
        7
      ],
      [
        41,
        6
      ]
    ],
    "threshold": 0.5
  },
  "top_features_logreg_csv": "top_features_logreg.csv",
  "artifacts": [
    "confusion_matrix_lr.png",
    "roc_lr.png",
    "calibration_lr.png",
    "top_features_logreg.csv",
    "slice_metrics_Gender.csv",
    "slice_metrics_MaritalStatus.csv",
    "slice_metrics_Department.csv",
    "slice_metrics_JobRole.csv"
  ]
}