group,precision,recall,f1,count
Research Scientist,0.5882352941176471,0.5555555555555556,0.5714285714285714,72
Sales Executive,0.5833333333333334,0.875,0.7,53
Laboratory Technician,0.3,0.75,0.42857142857142855,44
Manufacturing Director,0.0,0.0,0.0,32
Healthcare Representative,1.0,0.3333333333333333,0.5,23
Sales Representative,0.5384615384615384,0.875,0.6666666666666666,23
Manager,0.0,0.0,0.0,19
Research Director,0.0,0.0,0.0,17
Human Resources,0.3333333333333333,0.5,0.4,11
