group,precision,recall,f1,count
Married,0.5294117647058824,0.5,0.5142857142857142,133
Single,0.4444444444444444,0.64,0.5245901639344263,97
Divorced,0.6666666666666666,1.0,0.8,64
