group,precision,recall,f1,count
Research & Development,0.45161290322580644,0.4827586206896552,0.4666666666666667,197
Sales,0.56,0.875,0.6829268292682927,82
Human Resources,0.3333333333333333,0.5,0.4,15
