group,precision,recall,f1,count
Male,0.5294117647058824,0.5806451612903226,0.5538461538461539,178
Female,0.44,0.6875,0.5365853658536586,116
